DeviceNo,,[25061405],[--------],
DeviceInfo,,[],[],
DeviceRange,,[20M¦¸],[--],
2025-07-28,19:46:01:402,03181,----,
2025-07-28,19:46:01:510,03180,----,
2025-07-28,19:46:01:618,03179,----,
2025-07-28,19:46:01:728,03168,----,
2025-07-28,19:46:01:837,03169,----,
2025-07-28,19:46:01:945,03183,----,
2025-07-28,19:46:02:052,03183,----,
2025-07-28,19:46:02:162,03183,----,
2025-07-28,19:46:02:271,03184,----,
2025-07-28,19:46:02:380,03185,----,
2025-07-28,19:46:02:505,03186,----,
2025-07-28,19:46:02:621,03198,----,
2025-07-28,19:46:02:738,03198,----,
2025-07-28,19:46:02:841,03198,----,
2025-07-28,19:46:02:942,03198,----,
2025-07-28,19:46:03:059,03182,----,
2025-07-28,19:46:03:169,03171,----,
2025-07-28,19:46:03:276,03145,----,
2025-07-28,19:46:03:383,03126,----,
2025-07-28,19:46:03:492,03126,----,
2025-07-28,19:46:03:598,03106,----,
2025-07-28,19:46:03:709,03106,----,
2025-07-28,19:46:03:823,03107,----,
2025-07-28,19:46:03:940,03106,----,
2025-07-28,19:46:04:040,03118,----,
2025-07-28,19:46:04:157,03118,----,
2025-07-28,19:46:04:258,03133,----,
2025-07-28,19:46:04:374,03133,----,
2025-07-28,19:46:04:474,03133,----,
2025-07-28,19:46:04:590,03134,----,
2025-07-28,19:46:04:701,03148,----,
2025-07-28,19:46:04:806,03149,----,
2025-07-28,19:46:04:912,03150,----,
2025-07-28,19:46:05:021,03151,----,
2025-07-28,19:46:05:134,03152,----,
2025-07-28,19:46:05:255,03153,----,
2025-07-28,19:46:05:364,03154,----,
2025-07-28,19:46:05:488,03155,----,
2025-07-28,19:46:05:588,03156,----,
2025-07-28,19:46:05:701,03157,----,
2025-07-28,19:46:05:806,03159,----,
2025-07-28,19:46:05:912,02605,----,
2025-07-28,19:46:06:027,00917,----,
2025-07-28,19:46:06:140,00867,----,
2025-07-28,19:46:06:242,00816,----,
2025-07-28,19:46:06:353,00802,----,
2025-07-28,19:46:06:459,00788,----,
2025-07-28,19:46:06:570,00643,----,
2025-07-28,19:46:06:680,00517,----,
2025-07-28,19:46:06:788,00517,----,
2025-07-28,19:46:06:897,00495,----,
2025-07-28,19:46:07:006,00481,----,
2025-07-28,19:46:07:121,00505,----,
2025-07-28,19:46:07:233,00746,----,
2025-07-28,19:46:07:337,01338,----,
2025-07-28,19:46:07:447,00971,----,
2025-07-28,19:46:07:554,00361,----,
2025-07-28,19:46:07:665,00361,----,
2025-07-28,19:46:07:772,00385,----,
2025-07-28,19:46:07:882,00404,----,
2025-07-28,19:46:07:991,00423,----,
2025-07-28,19:46:08:100,00439,----,
2025-07-28,19:46:08:208,00454,----,
2025-07-28,19:46:08:327,00468,----,
2025-07-28,19:46:08:439,00468,----,
2025-07-28,19:46:08:543,00567,----,
2025-07-28,19:46:08:653,00624,----,
2025-07-28,19:46:08:761,00623,----,
2025-07-28,19:46:08:871,00718,----,
2025-07-28,19:46:08:978,01064,----,
2025-07-28,19:46:09:087,01249,----,
2025-07-28,19:46:09:195,01400,----,
2025-07-28,19:46:09:304,01519,----,
2025-07-28,19:46:09:412,01614,----,
2025-07-28,19:46:09:530,01696,----,
2025-07-28,19:46:09:646,01791,----,
2025-07-28,19:46:09:748,01861,----,
2025-07-28,19:46:09:850,01892,----,
2025-07-28,19:46:09:966,01942,----,
2025-07-28,19:46:10:080,01972,----,
2025-07-28,19:46:10:181,02016,----,
2025-07-28,19:46:10:296,02039,----,
2025-07-28,19:46:10:400,02060,----,
2025-07-28,19:46:10:512,02083,----,
2025-07-28,19:46:10:617,02130,----,
2025-07-28,19:46:10:731,02131,----,
2025-07-28,19:46:10:849,02169,----,
2025-07-28,19:46:10:962,02185,----,
2025-07-28,19:46:11:072,02200,----,
2025-07-28,19:46:11:180,02221,----,
2025-07-28,19:46:11:290,02241,----,
2025-07-28,19:46:11:397,02239,----,
2025-07-28,19:46:11:508,01152,----,
2025-07-28,19:46:11:615,00956,----,
2025-07-28,19:46:11:730,00796,----,
2025-07-28,19:46:11:845,00829,----,
2025-07-28,19:46:11:948,00849,----,
2025-07-28,19:46:12:063,00756,----,
2025-07-28,19:46:12:165,00567,----,
2025-07-28,19:46:12:278,00551,----,
2025-07-28,19:46:12:383,00566,----,
2025-07-28,19:46:12:497,00566,----,
2025-07-28,19:46:12:601,00539,----,
2025-07-28,19:46:12:714,00555,----,
2025-07-28,19:46:12:822,00781,----,
2025-07-28,19:46:12:927,00808,----,
2025-07-28,19:46:13:038,00448,----,
2025-07-28,19:46:13:146,00422,----,
2025-07-28,19:46:13:266,00423,----,
2025-07-28,19:46:13:367,00454,----,
2025-07-28,19:46:13:483,00454,----,
2025-07-28,19:46:13:595,00467,----,
2025-07-28,19:46:13:698,00468,----,
2025-07-28,19:46:13:813,00489,----,
2025-07-28,19:46:13:919,00574,----,
2025-07-28,19:46:14:029,00640,----,
2025-07-28,19:46:14:136,00691,----,
2025-07-28,19:46:14:246,00691,----,
2025-07-28,19:46:14:352,00712,----,
2025-07-28,19:46:14:460,00733,----,
2025-07-28,19:46:14:568,00752,----,
2025-07-28,19:46:14:678,00712,----,
2025-07-28,19:46:14:786,00713,----,
2025-07-28,19:46:14:905,00984,----,
2025-07-28,19:46:15:004,01233,----,
2025-07-28,19:46:15:120,01335,----,
2025-07-28,19:46:15:235,01423,----,
2025-07-28,19:46:15:339,01506,----,
2025-07-28,19:46:15:450,01568,----,
2025-07-28,19:46:15:556,01596,----,
2025-07-28,19:46:15:667,01669,----,
2025-07-28,19:46:15:773,01725,----,
2025-07-28,19:46:15:884,01755,----,
2025-07-28,19:46:15:991,01803,----,
2025-07-28,19:46:16:101,01831,----,
2025-07-28,19:46:16:223,01853,----,
2025-07-28,19:46:16:322,01895,----,
2025-07-28,19:46:16:439,01915,----,
2025-07-28,19:46:16:539,01937,----,
2025-07-28,19:46:16:658,01954,----,
2025-07-28,19:46:16:756,01991,----,
2025-07-28,19:46:16:871,01992,----,
2025-07-28,19:46:16:984,02039,----,
2025-07-28,19:46:17:090,02058,----,
2025-07-28,19:46:17:200,02074,----,
2025-07-28,19:46:17:306,02075,----,
2025-07-28,19:46:17:413,02093,----,
2025-07-28,19:46:17:522,02109,----,
2025-07-28,19:46:17:633,02126,----,
2025-07-28,19:46:17:753,02141,----,
2025-07-28,19:46:17:851,02142,----,
2025-07-28,19:46:17:959,02160,----,
2025-07-28,19:46:18:068,02174,----,
2025-07-28,19:46:18:189,01215,----,
2025-07-28,19:46:18:290,01112,----,
2025-07-28,19:46:18:403,01131,----,
2025-07-28,19:46:18:516,01143,----,
2025-07-28,19:46:18:618,01090,----,
2025-07-28,19:46:18:732,00808,----,
2025-07-28,19:46:18:841,00636,----,
2025-07-28,19:46:18:949,00548,----,
2025-07-28,19:46:19:053,00521,----,
2025-07-28,19:46:19:165,00549,----,
2025-07-28,19:46:19:273,00728,----,
2025-07-28,19:46:19:383,01085,----,
2025-07-28,19:46:19:492,01152,----,
2025-07-28,19:46:19:599,00456,----,
2025-07-28,19:46:19:720,00413,----,
2025-07-28,19:46:19:821,00431,----,
2025-07-28,19:46:19:937,00447,----,
2025-07-28,19:46:20:037,00462,----,
2025-07-28,19:46:20:152,00463,----,
2025-07-28,19:46:20:268,00463,----,
2025-07-28,19:46:20:367,00539,----,
2025-07-28,19:46:20:485,00627,----,
2025-07-28,19:46:20:586,00654,----,
2025-07-28,19:46:20:701,00722,----,
2025-07-28,19:46:20:809,00799,----,
2025-07-28,19:46:20:917,00822,----,
2025-07-28,19:46:21:026,00736,----,
2025-07-28,19:46:21:134,00796,----,
2025-07-28,19:46:21:242,01075,----,
2025-07-28,19:46:21:352,01227,----,
2025-07-28,19:46:21:462,01330,----,
2025-07-28,19:46:21:570,01411,----,
2025-07-28,19:46:21:676,01516,----,
2025-07-28,19:46:21:789,01544,----,
2025-07-28,19:46:21:907,01611,----,
2025-07-28,19:46:22:006,01671,----,
2025-07-28,19:46:22:122,01697,----,
2025-07-28,19:46:22:234,01749,----,
2025-07-28,19:46:22:339,01774,----,
2025-07-28,19:46:22:449,01815,----,
2025-07-28,19:46:22:557,01835,----,
2025-07-28,19:46:22:675,01856,----,
2025-07-28,19:46:22:774,01881,----,
2025-07-28,19:46:22:884,01899,----,
2025-07-28,19:46:22:992,01920,----,
2025-07-28,19:46:23:101,01938,----,
2025-07-28,19:46:23:224,01956,----,
2025-07-28,19:46:23:333,01974,----,
2025-07-28,19:46:23:456,02008,----,
2025-07-28,19:46:23:558,02008,----,
2025-07-28,19:46:23:673,02026,----,
2025-07-28,19:46:23:773,02040,----,
2025-07-28,19:46:23:882,02041,----,
2025-07-28,19:46:23:991,02057,----,
2025-07-28,19:46:24:109,02058,----,
2025-07-28,19:46:24:209,02080,----,
2025-07-28,19:46:24:326,02081,----,
2025-07-28,19:46:24:427,02097,----,
2025-07-28,19:46:24:543,02098,----,
2025-07-28,19:46:24:650,02110,----,
2025-07-28,19:46:24:757,02126,----,
2025-07-28,19:46:24:864,02140,----,
2025-07-28,19:46:24:989,02138,----,
2025-07-28,19:46:25:090,01166,----,
2025-07-28,19:46:25:206,01112,----,
2025-07-28,19:46:25:307,00975,----,
2025-07-28,19:46:25:423,00876,----,
2025-07-28,19:46:25:526,00863,----,
2025-07-28,19:46:25:639,00727,----,
2025-07-28,19:46:25:744,00578,----,
2025-07-28,19:46:25:857,00548,----,
2025-07-28,19:46:25:960,00562,----,
2025-07-28,19:46:26:075,00657,----,
2025-07-28,19:46:26:181,00994,----,
2025-07-28,19:46:26:291,01352,----,
2025-07-28,19:46:26:397,00668,----,
2025-07-28,19:46:26:507,00463,----,
2025-07-28,19:46:26:615,00423,----,
2025-07-28,19:46:26:725,00423,----,
2025-07-28,19:46:26:834,00441,----,
2025-07-28,19:46:26:944,00456,----,
2025-07-28,19:46:27:065,00470,----,
2025-07-28,19:46:27:164,00484,----,
2025-07-28,19:46:27:280,00484,----,
2025-07-28,19:46:27:381,00521,----,
2025-07-28,19:46:27:497,00648,----,
2025-07-28,19:46:27:601,00730,----,
2025-07-28,19:46:27:716,00761,----,
2025-07-28,19:46:27:820,00813,----,
2025-07-28,19:46:27:935,00830,----,
2025-07-28,19:46:28:040,00801,----,
2025-07-28,19:46:28:154,00771,----,
2025-07-28,19:46:28:257,00912,----,
2025-07-28,19:46:28:371,01119,----,
2025-07-28,19:46:28:474,01255,----,
2025-07-28,19:46:28:588,01356,----,
2025-07-28,19:46:28:697,01435,----,
2025-07-28,19:46:28:806,01510,----,
2025-07-28,19:46:28:914,01542,----,
2025-07-28,19:46:29:021,01609,----,
2025-07-28,19:46:29:130,01637,----,
2025-07-28,19:46:29:240,01662,----,
2025-07-28,19:46:29:357,01722,----,
2025-07-28,19:46:29:460,01743,----,
2025-07-28,19:46:29:577,01766,----,
2025-07-28,19:46:29:678,01810,----,
2025-07-28,19:46:29:795,01829,----,
2025-07-28,19:46:29:896,01847,----,
2025-07-28,19:46:30:012,01870,----,
2025-07-28,19:46:30:119,01895,----,
2025-07-28,19:46:30:228,01916,----,
2025-07-28,19:46:30:337,01933,----,
2025-07-28,19:46:30:448,01952,----,
2025-07-28,19:46:30:558,01973,----,
2025-07-28,19:46:30:665,01995,----,
2025-07-28,19:46:30:773,02012,----,
2025-07-28,19:46:30:880,02032,----,
2025-07-28,19:46:30:991,02047,----,
2025-07-28,19:46:31:114,02067,----,
2025-07-28,19:46:31:229,02067,----,
2025-07-28,19:46:31:346,02067,----,
2025-07-28,19:46:31:448,02087,----,
2025-07-28,19:46:31:562,02088,----,
2025-07-28,19:46:31:664,02101,----,
2025-07-28,19:46:31:780,02114,----,
2025-07-28,19:46:31:880,02126,----,
2025-07-28,19:46:31:996,02127,----,
2025-07-28,19:46:32:107,02138,----,
2025-07-28,19:46:32:213,01368,----,
2025-07-28,19:46:32:321,01122,----,
2025-07-28,19:46:32:428,01090,----,
2025-07-28,19:46:32:538,01126,----,
2025-07-28,19:46:32:647,01179,----,
2025-07-28,19:46:32:757,01038,----,
2025-07-28,19:46:32:870,00909,----,
2025-07-28,19:46:32:974,00568,----,
2025-07-28,19:46:33:090,00526,----,
2025-07-28,19:46:33:203,00552,----,
2025-07-28,19:46:33:309,00771,----,
2025-07-28,19:46:33:420,01124,----,
2025-07-28,19:46:33:525,01340,----,
2025-07-28,19:46:33:636,00467,----,
2025-07-28,19:46:33:743,00429,----,
2025-07-28,19:46:33:853,00429,----,
2025-07-28,19:46:33:960,00446,----,
2025-07-28,19:46:34:068,00460,----,
2025-07-28,19:46:34:192,00461,----,
2025-07-28,19:46:34:290,00475,----,
2025-07-28,19:46:34:405,00476,----,
2025-07-28,19:46:34:516,00489,----,
2025-07-28,19:46:34:618,00489,----,
2025-07-28,19:46:34:734,00535,----,
2025-07-28,19:46:34:833,00647,----,
2025-07-28,19:46:34:951,00715,----,
2025-07-28,19:46:35:055,00716,----,
2025-07-28,19:46:35:168,00762,----,
2025-07-28,19:46:35:274,00787,----,
2025-07-28,19:46:35:388,00815,----,
2025-07-28,19:46:35:489,00924,----,
2025-07-28,19:46:35:606,01028,----,
2025-07-28,19:46:35:710,01219,----,
2025-07-28,19:46:35:818,01315,----,
2025-07-28,19:46:35:926,01357,----,
2025-07-28,19:46:36:043,01430,----,
2025-07-28,19:46:36:146,01493,----,
2025-07-28,19:46:36:263,01559,----,
2025-07-28,19:46:36:367,01611,----,
2025-07-28,19:46:36:478,01634,----,
2025-07-28,19:46:36:586,01659,----,
2025-07-28,19:46:36:698,01703,----,
2025-07-28,19:46:36:805,01723,----,
2025-07-28,19:46:36:916,01747,----,
2025-07-28,19:46:37:021,01767,----,
2025-07-28,19:46:37:134,01787,----,
2025-07-28,19:46:37:239,01808,----,
2025-07-28,19:46:37:350,01834,----,
2025-07-28,19:46:37:473,01856,----,
2025-07-28,19:46:37:571,01874,----,
2025-07-28,19:46:37:686,01891,----,
2025-07-28,19:46:37:787,01906,----,
2025-07-28,19:46:37:906,01928,----,
2025-07-28,19:46:38:006,01944,----,
2025-07-28,19:46:38:123,01961,----,
2025-07-28,19:46:38:232,01978,----,
2025-07-28,19:46:38:338,01978,----,
2025-07-28,19:46:38:447,01997,----,
2025-07-28,19:46:38:555,02012,----,
2025-07-28,19:46:38:664,02028,----,
2025-07-28,19:46:38:771,02029,----,
2025-07-28,19:46:38:885,02046,----,
2025-07-28,19:46:38:990,02061,----,
2025-07-28,19:46:39:100,02072,----,
2025-07-28,19:46:39:211,01993,----,
2025-07-28,19:46:39:317,01096,----,
2025-07-28,19:46:39:427,01026,----,
2025-07-28,19:46:39:551,00925,----,
2025-07-28,19:46:39:652,00906,----,
2025-07-28,19:46:39:767,00805,----,
2025-07-28,19:46:39:867,00622,----,
2025-07-28,19:46:39:978,00539,----,
2025-07-28,19:46:40:087,00547,----,
2025-07-28,19:46:40:202,00631,----,
2025-07-28,19:46:40:312,00960,----,
2025-07-28,19:46:40:417,01240,----,
2025-07-28,19:46:40:530,00789,----,
2025-07-28,19:46:40:634,00450,----,
2025-07-28,19:46:40:748,00423,----,
2025-07-28,19:46:40:855,00440,----,
2025-07-28,19:46:40:964,00454,----,
2025-07-28,19:46:41:071,00455,----,
2025-07-28,19:46:41:182,00469,----,
2025-07-28,19:46:41:290,00469,----,
2025-07-28,19:46:41:398,00484,----,
2025-07-28,19:46:41:506,00557,----,
2025-07-28,19:46:41:616,00639,----,
2025-07-28,19:46:41:724,00673,----,
2025-07-28,19:46:41:843,00731,----,
2025-07-28,19:46:41:944,00780,----,
2025-07-28,19:46:42:060,00780,----,
2025-07-28,19:46:42:172,00838,----,
2025-07-28,19:46:42:275,01048,----,
2025-07-28,19:46:42:389,01174,----,
2025-07-28,19:46:42:491,01280,----,
2025-07-28,19:46:42:606,01362,----,
2025-07-28,19:46:42:709,01435,----,
2025-07-28,19:46:42:822,01496,----,
2025-07-28,19:46:42:930,01526,----,
2025-07-28,19:46:43:038,01585,----,
2025-07-28,19:46:43:148,01633,----,
2025-07-28,19:46:43:256,01663,----,
2025-07-28,19:46:43:365,01691,----,
2025-07-28,19:46:43:475,01716,----,
2025-07-28,19:46:43:591,01759,----,
2025-07-28,19:46:43:705,01782,----,
2025-07-28,19:46:43:806,01806,----,
2025-07-28,19:46:43:919,01825,----,
2025-07-28,19:46:44:021,01843,----,
2025-07-28,19:46:44:138,01862,----,
2025-07-28,19:46:44:246,01897,----,
2025-07-28,19:46:44:354,01898,----,
2025-07-28,19:46:44:462,01911,----,
2025-07-28,19:46:44:571,01928,----,
2025-07-28,19:46:44:681,01929,----,
2025-07-28,19:46:44:789,01944,----,
2025-07-28,19:46:44:899,01961,----,
2025-07-28,19:46:45:006,01976,----,
2025-07-28,19:46:45:116,01991,----,
2025-07-28,19:46:45:225,02003,----,
2025-07-28,19:46:45:333,02004,----,
2025-07-28,19:46:45:457,02019,----,
2025-07-28,19:46:45:557,02036,----,
2025-07-28,19:46:45:671,01742,----,
2025-07-28,19:46:45:771,01125,----,
2025-07-28,19:46:45:887,01031,----,
2025-07-28,19:46:45:997,01004,----,
2025-07-28,19:46:46:104,00962,----,
2025-07-28,19:46:46:214,00843,----,
2025-07-28,19:46:46:323,00723,----,
2025-07-28,19:46:46:432,00578,----,
2025-07-28,19:46:46:539,00510,----,
2025-07-28,19:46:46:651,00511,----,
2025-07-28,19:46:46:758,00634,----,
2025-07-28,19:46:46:866,01104,----,
2025-07-28,19:46:46:976,00631,----,
2025-07-28,19:46:47:093,00414,----,
2025-07-28,19:46:47:193,00414,----,
2025-07-28,19:46:47:312,00433,----,
2025-07-28,19:46:47:423,00449,----,
2025-07-28,19:46:47:527,00464,----,
2025-07-28,19:46:47:639,00464,----,
2025-07-28,19:46:47:742,00476,----,
2025-07-28,19:46:47:854,00477,----,
2025-07-28,19:46:47:964,00566,----,
2025-07-28,19:46:48:073,00634,----,
2025-07-28,19:46:48:182,00680,----,
2025-07-28,19:46:48:290,00701,----,
2025-07-28,19:46:48:397,00701,----,
2025-07-28,19:46:48:506,00660,----,
2025-07-28,19:46:48:616,00913,----,
2025-07-28,19:46:48:729,01073,----,
2025-07-28,19:46:48:845,01189,----,
2025-07-28,19:46:48:944,01296,----,
2025-07-28,19:46:49:060,01380,----,
2025-07-28,19:46:49:163,01461,----,
2025-07-28,19:46:49:278,01491,----,
2025-07-28,19:46:49:387,01554,----,
2025-07-28,19:46:49:493,01619,----,
2025-07-28,19:46:49:604,01647,----,
2025-07-28,19:46:49:710,01704,----,
2025-07-28,19:46:49:821,01730,----,
2025-07-28,19:46:49:930,01753,----,
2025-07-28,19:46:50:036,01778,----,
2025-07-28,19:46:50:147,01818,----,
2025-07-28,19:46:50:255,01837,----,
2025-07-28,19:46:50:378,01855,----,
2025-07-28,19:46:50:478,01894,----,
2025-07-28,19:46:50:593,01910,----,
2025-07-28,19:46:50:693,01930,----,
2025-07-28,19:46:50:809,01944,----,
2025-07-28,19:46:50:912,01961,----,
2025-07-28,19:46:51:027,01978,----,
2025-07-28,19:46:51:138,01995,----,
2025-07-28,19:46:51:245,02014,----,
2025-07-28,19:46:51:353,02015,----,
2025-07-28,19:46:51:461,02031,----,
2025-07-28,19:46:51:570,02044,----,
2025-07-28,19:46:51:679,02045,----,
2025-07-28,19:46:51:787,02058,----,
2025-07-28,19:46:51:911,02074,----,
2025-07-28,19:46:52:022,02075,----,
2025-07-28,19:46:52:144,01385,----,
2025-07-28,19:46:52:247,00952,----,
2025-07-28,19:46:52:360,00980,----,
2025-07-28,19:46:52:464,00980,----,
2025-07-28,19:46:52:578,00852,----,
2025-07-28,19:46:52:682,00740,----,
2025-07-28,19:46:52:796,00688,----,
2025-07-28,19:46:52:897,00566,----,
2025-07-28,19:46:53:012,00520,----,
2025-07-28,19:46:53:114,00618,----,
2025-07-28,19:46:53:231,00931,----,
2025-07-28,19:46:53:333,00747,----,
2025-07-28,19:46:53:444,00438,----,
2025-07-28,19:46:53:552,00413,----,
2025-07-28,19:46:53:669,00430,----,
2025-07-28,19:46:53:781,00445,----,
2025-07-28,19:46:53:885,00459,----,
2025-07-28,19:46:53:998,00459,----,
2025-07-28,19:46:54:100,00472,----,
2025-07-28,19:46:54:217,00473,----,
2025-07-28,19:46:54:324,00489,----,
2025-07-28,19:46:54:432,00581,----,
2025-07-28,19:46:54:537,00616,----,
2025-07-28,19:46:54:650,00668,----,
2025-07-28,19:46:54:758,00691,----,
2025-07-28,19:46:54:866,00709,----,
2025-07-28,19:46:54:974,00646,----,
2025-07-28,19:46:55:083,00931,----,
2025-07-28,19:46:55:192,01107,----,
2025-07-28,19:46:55:304,01235,----,
2025-07-28,19:46:55:423,01336,----,
2025-07-28,19:46:55:522,01413,----,
2025-07-28,19:46:55:638,01451,----,
2025-07-28,19:46:55:748,01548,----,
2025-07-28,19:46:55:854,01576,----,
2025-07-28,19:46:55:964,01643,----,
2025-07-28,19:46:56:070,01690,----,
2025-07-28,19:46:56:182,01715,----,
2025-07-28,19:46:56:290,01761,----,
2025-07-28,19:46:56:401,01782,----,
2025-07-28,19:46:56:508,01821,----,
2025-07-28,19:46:56:617,01839,----,
2025-07-28,19:46:56:724,01862,----,
2025-07-28,19:46:56:834,01881,----,
2025-07-28,19:46:56:951,01899,----,
2025-07-28,19:46:57:052,01915,----,
2025-07-28,19:46:57:166,01937,----,
2025-07-28,19:46:57:283,01956,----,
2025-07-28,19:46:57:382,01977,----,
2025-07-28,19:46:57:497,01996,----,
2025-07-28,19:46:57:611,02012,----,
2025-07-28,19:46:57:714,02030,----,
2025-07-28,19:46:57:829,02048,----,
2025-07-28,19:46:57:932,02065,----,
2025-07-28,19:46:58:047,02084,----,
2025-07-28,19:46:58:146,02100,----,
2025-07-28,19:46:58:262,02101,----,
2025-07-28,19:46:58:370,01086,----,
2025-07-28,19:46:58:477,00871,----,
2025-07-28,19:46:58:588,00887,----,
2025-07-28,19:46:58:693,00888,----,
2025-07-28,19:46:58:806,00857,----,
2025-07-28,19:46:58:913,00818,----,
2025-07-28,19:46:59:023,00791,----,
2025-07-28,19:46:59:132,00644,----,
2025-07-28,19:46:59:242,00544,----,
2025-07-28,19:46:59:349,00555,----,
2025-07-28,19:46:59:458,00668,----,
2025-07-28,19:46:59:568,00841,----,
2025-07-28,19:46:59:682,00412,----,
2025-07-28,19:46:59:797,00412,----,
2025-07-28,19:46:59:900,00412,----,
2025-07-28,19:47:00:013,00428,----,
2025-07-28,19:47:00:114,00442,----,
2025-07-28,19:47:00:227,00474,----,
2025-07-28,19:47:00:337,00554,----,
2025-07-28,19:47:00:445,00617,----,
2025-07-28,19:47:00:554,00641,----,
2025-07-28,19:47:00:663,00661,----,
2025-07-28,19:47:00:781,00617,----,
2025-07-28,19:47:00:880,00757,----,
2025-07-28,19:47:00:997,01003,----,
2025-07-28,19:47:01:100,01150,----,
2025-07-28,19:47:01:217,01259,----,
2025-07-28,19:47:01:318,01347,----,
2025-07-28,19:47:01:435,01426,----,
2025-07-28,19:47:01:543,01520,----,
2025-07-28,19:47:01:650,01548,----,
2025-07-28,19:47:01:761,01612,----,
2025-07-28,19:47:01:868,01639,----,
2025-07-28,19:47:01:978,01688,----,
2025-07-28,19:47:02:084,01709,----,
2025-07-28,19:47:02:194,01757,----,
2025-07-28,19:47:02:302,01779,----,
2025-07-28,19:47:02:411,01825,----,
2025-07-28,19:47:02:522,01844,----,
2025-07-28,19:47:02:631,01882,----,
2025-07-28,19:47:02:751,01897,----,
2025-07-28,19:47:02:850,01920,----,
2025-07-28,19:47:02:967,01938,----,
2025-07-28,19:47:03:069,01955,----,
2025-07-28,19:47:03:184,01970,----,
2025-07-28,19:47:03:299,01989,----,
2025-07-28,19:47:03:401,02007,----,
2025-07-28,19:47:03:516,02027,----,
2025-07-28,19:47:03:618,02048,----,
2025-07-28,19:47:03:733,02048,----,
2025-07-28,19:47:03:835,02061,----,
2025-07-28,19:47:03:951,02078,----,
2025-07-28,19:47:04:061,02079,----,
2025-07-28,19:47:04:167,01366,----,
2025-07-28,19:47:04:275,00899,----,
2025-07-28,19:47:04:383,00800,----,
2025-07-28,19:47:04:491,00800,----,
2025-07-28,19:47:04:599,00820,----,
2025-07-28,19:47:04:719,00779,----,
2025-07-28,19:47:04:818,00610,----,
2025-07-28,19:47:04:934,00536,----,
2025-07-28,19:47:05:050,00563,----,
2025-07-28,19:47:05:155,00786,----,
2025-07-28,19:47:05:256,00653,----,
2025-07-28,19:47:05:372,00404,----,
2025-07-28,19:47:05:478,00405,----,
2025-07-28,19:47:05:589,00425,----,
2025-07-28,19:47:05:701,00440,----,
2025-07-28,19:47:05:808,00455,----,
2025-07-28,19:47:05:919,00455,----,
2025-07-28,19:47:06:024,00524,----,
2025-07-28,19:47:06:137,00556,----,
2025-07-28,19:47:06:244,00608,----,
2025-07-28,19:47:06:353,00636,----,
2025-07-28,19:47:06:461,00706,----,
2025-07-28,19:47:06:570,00790,----,
2025-07-28,19:47:06:678,00874,----,
2025-07-28,19:47:06:796,00825,----,
2025-07-28,19:47:06:910,00913,----,
2025-07-28,19:47:07:011,01103,----,
2025-07-28,19:47:07:128,01219,----,
2025-07-28,19:47:07:229,01310,----,
2025-07-28,19:47:07:343,01390,----,
2025-07-28,19:47:07:447,01467,----,
2025-07-28,19:47:07:559,01498,----,
2025-07-28,19:47:07:664,01566,----,
2025-07-28,19:47:07:776,01623,----,
2025-07-28,19:47:07:897,01649,----,
2025-07-28,19:47:08:007,01691,----,
2025-07-28,19:47:08:115,01715,----,
2025-07-28,19:47:08:225,01734,----,
2025-07-28,19:47:08:346,01785,----,
2025-07-28,19:47:08:451,01812,----,
2025-07-28,19:47:08:567,01828,----,
2025-07-28,19:47:08:667,01848,----,
2025-07-28,19:47:08:781,01848,----,
2025-07-28,19:47:08:883,01868,----,
2025-07-28,19:47:08:995,01887,----,
2025-07-28,19:47:09:100,01928,----,
2025-07-28,19:47:09:212,01928,----,
2025-07-28,19:47:09:317,01942,----,
2025-07-28,19:47:09:429,01960,----,
2025-07-28,19:47:09:537,01990,----,
2025-07-28,19:47:09:653,01990,----,
2025-07-28,19:47:09:770,01991,----,
2025-07-28,19:47:09:871,02008,----,
2025-07-28,19:47:09:978,01498,----,
2025-07-28,19:47:10:086,00825,----,
2025-07-28,19:47:10:199,00858,----,
2025-07-28,19:47:10:303,00884,----,
2025-07-28,19:47:10:415,00909,----,
2025-07-28,19:47:10:525,00960,----,
2025-07-28,19:47:10:633,00960,----,
2025-07-28,19:47:10:743,00764,----,
2025-07-28,19:47:10:851,00544,----,
2025-07-28,19:47:10:959,00548,----,
2025-07-28,19:47:11:068,00644,----,
2025-07-28,19:47:11:180,00967,----,
2025-07-28,19:47:11:297,00664,----,
2025-07-28,19:47:11:397,00423,----,
2025-07-28,19:47:11:514,00407,----,
2025-07-28,19:47:11:615,00425,----,
2025-07-28,19:47:11:731,00440,----,
2025-07-28,19:47:11:841,00454,----,
2025-07-28,19:47:11:949,00455,----,
2025-07-28,19:47:12:053,00486,----,
2025-07-28,19:47:12:168,00595,----,
2025-07-28,19:47:12:277,00683,----,
2025-07-28,19:47:12:386,00800,----,
2025-07-28,19:47:12:495,00863,----,
2025-07-28,19:47:12:603,00877,----,
2025-07-28,19:47:12:713,00763,----,
2025-07-28,19:47:12:820,00794,----,
2025-07-28,19:47:12:928,01038,----,
2025-07-28,19:47:13:036,01157,----,
2025-07-28,19:47:13:146,01261,----,
2025-07-28,19:47:13:271,01343,----,
2025-07-28,19:47:13:387,01430,----,
2025-07-28,19:47:13:501,01497,----,
2025-07-28,19:47:13:603,01559,----,
2025-07-28,19:47:13:717,01592,----,
2025-07-28,19:47:13:819,01641,----,
2025-07-28,19:47:13:934,01667,----,
2025-07-28,19:47:14:037,01692,----,
2025-07-28,19:47:14:152,01718,----,
2025-07-28,19:47:14:260,01763,----,
2025-07-28,19:47:14:369,01782,----,
2025-07-28,19:47:14:478,01801,----,
2025-07-28,19:47:14:583,01845,----,
2025-07-28,19:47:14:697,01865,----,
2025-07-28,19:47:14:805,01885,----,
2025-07-28,19:47:14:916,01907,----,
2025-07-28,19:47:15:021,01928,----,
2025-07-28,19:47:15:131,01944,----,
2025-07-28,19:47:15:256,01965,----,
2025-07-28,19:47:15:355,01983,----,
2025-07-28,19:47:15:471,01999,----,
2025-07-28,19:47:15:574,02000,----,
2025-07-28,19:47:15:688,02012,----,
2025-07-28,19:47:15:791,02012,----,
2025-07-28,19:47:15:904,02025,----,
2025-07-28,19:47:16:006,02042,----,
2025-07-28,19:47:16:123,02043,----,
2025-07-28,19:47:16:223,02057,----,
2025-07-28,19:47:16:339,00799,----,
2025-07-28,19:47:16:450,00800,----,
2025-07-28,19:47:16:560,00872,----,
2025-07-28,19:47:16:662,00872,----,
2025-07-28,19:47:16:776,00839,----,
2025-07-28,19:47:16:882,00667,----,
2025-07-28,19:47:16:990,00523,----,
2025-07-28,19:47:17:099,00537,----,
2025-07-28,19:47:17:212,00620,----,
2025-07-28,19:47:17:328,00928,----,
2025-07-28,19:47:17:428,00559,----,
2025-07-28,19:47:17:546,00408,----,
2025-07-28,19:47:17:656,00408,----,
2025-07-28,19:47:17:762,00425,----,
2025-07-28,19:47:17:875,00440,----,
2025-07-28,19:47:17:978,00455,----,
2025-07-28,19:47:18:094,00455,----,
2025-07-28,19:47:18:196,00576,----,
2025-07-28,19:47:18:310,00649,----,
2025-07-28,19:47:18:412,00747,----,
2025-07-28,19:47:18:527,00784,----,
2025-07-28,19:47:18:635,00834,----,
2025-07-28,19:47:18:744,00687,----,
2025-07-28,19:47:18:850,00998,----,
2025-07-28,19:47:18:962,01151,----,
2025-07-28,19:47:19:068,01264,----,
2025-07-28,19:47:19:179,01360,----,
2025-07-28,19:47:19:301,01436,----,
2025-07-28,19:47:19:400,01502,----,
2025-07-28,19:47:19:514,01542,----,
2025-07-28,19:47:19:614,01610,----,
2025-07-28,19:47:19:729,01662,----,
2025-07-28,19:47:19:843,01687,----,
2025-07-28,19:47:19:946,01735,----,
2025-07-28,19:47:20:052,01755,----,
2025-07-28,19:47:20:165,01795,----,
2025-07-28,19:47:20:276,01817,----,
2025-07-28,19:47:20:383,01841,----,
2025-07-28,19:47:20:493,01857,----,
2025-07-28,19:47:20:600,01873,----,
2025-07-28,19:47:20:711,01893,----,
2025-07-28,19:47:20:832,01924,----,
2025-07-28,19:47:20:928,01943,----,
2025-07-28,19:47:21:050,01964,----,
2025-07-28,19:47:21:151,01987,----,
2025-07-28,19:47:21:266,01987,----,
2025-07-28,19:47:21:368,02003,----,
2025-07-28,19:47:21:483,02020,----,
2025-07-28,19:47:21:583,02033,----,
2025-07-28,19:47:21:698,02052,----,
2025-07-28,19:47:21:813,02068,----,
2025-07-28,19:47:21:915,02069,----,
2025-07-28,19:47:22:028,02083,----,
2025-07-28,19:47:22:133,02097,----,
2025-07-28,19:47:22:244,02097,----,
2025-07-28,19:47:22:352,02114,----,
2025-07-28,19:47:22:461,02128,----,
2025-07-28,19:47:22:568,02129,----,
2025-07-28,19:47:22:687,02144,----,
2025-07-28,19:47:22:788,02145,----,
2025-07-28,19:47:22:905,02164,----,
2025-07-28,19:47:23:006,00958,----,
2025-07-28,19:47:23:121,00961,----,
2025-07-28,19:47:23:228,00984,----,
2025-07-28,19:47:23:337,00983,----,
2025-07-28,19:47:23:444,00955,----,
2025-07-28,19:47:23:553,00881,----,
2025-07-28,19:47:23:668,00775,----,
2025-07-28,19:47:23:784,00530,----,
2025-07-28,19:47:23:883,00517,----,
2025-07-28,19:47:24:001,00543,----,
2025-07-28,19:47:24:102,00963,----,
2025-07-28,19:47:24:218,01195,----,
2025-07-28,19:47:24:318,00594,----,
2025-07-28,19:47:24:433,00439,----,
2025-07-28,19:47:24:545,00401,----,
2025-07-28,19:47:24:648,00420,----,
2025-07-28,19:47:24:761,00434,----,
2025-07-28,19:47:24:880,00449,----,
2025-07-28,19:47:24:992,00450,----,
2025-07-28,19:47:25:101,00560,----,
2025-07-28,19:47:25:208,00651,----,
2025-07-28,19:47:25:330,00747,----,
2025-07-28,19:47:25:436,00856,----,
2025-07-28,19:47:25:550,00879,----,
2025-07-28,19:47:25:651,00755,----,
2025-07-28,19:47:25:766,00668,----,
2025-07-28,19:47:25:864,00959,----,
2025-07-28,19:47:25:979,01114,----,
2025-07-28,19:47:26:083,01226,----,
2025-07-28,19:47:26:197,01311,----,
2025-07-28,19:47:26:310,01385,----,
2025-07-28,19:47:26:416,01442,----,
2025-07-28,19:47:26:521,01466,----,
2025-07-28,19:47:26:630,01536,----,
2025-07-28,19:47:26:740,01559,----,
2025-07-28,19:47:26:849,01604,----,
2025-07-28,19:47:26:968,01628,----,
2025-07-28,19:47:27:080,01666,----,
2025-07-28,19:47:27:183,01683,----,
2025-07-28,19:47:27:297,01703,----,
2025-07-28,19:47:27:401,01752,----,
2025-07-28,19:47:27:513,01777,----,
2025-07-28,19:47:27:618,01799,----,
2025-07-28,19:47:27:730,01816,----,
2025-07-28,19:47:27:836,01833,----,
2025-07-28,19:47:27:946,01833,----,
2025-07-28,19:47:28:052,01853,----,
2025-07-28,19:47:28:161,01875,----,
2025-07-28,19:47:28:285,01897,----,
2025-07-28,19:47:28:384,01923,----,
2025-07-28,19:47:28:501,01943,----,
2025-07-28,19:47:28:599,01959,----,
2025-07-28,19:47:28:716,01969,----,
2025-07-28,19:47:28:827,01988,----,
2025-07-28,19:47:28:934,01988,----,
2025-07-28,19:47:29:044,01916,----,
2025-07-28,19:47:29:152,01213,----,
2025-07-28,19:47:29:261,01153,----,
2025-07-28,19:47:29:368,01153,----,
2025-07-28,19:47:29:478,01138,----,
2025-07-28,19:47:29:586,00987,----,
2025-07-28,19:47:29:697,00708,----,
2025-07-28,19:47:29:803,00683,----,
2025-07-28,19:47:29:913,00707,----,
2025-07-28,19:47:30:021,00728,----,
2025-07-28,19:47:30:136,00677,----,
2025-07-28,19:47:30:252,00560,----,
2025-07-28,19:47:30:351,00525,----,
2025-07-28,19:47:30:466,00545,----,
2025-07-28,19:47:30:567,00742,----,
2025-07-28,19:47:30:683,01001,----,
2025-07-28,19:47:30:792,00460,----,
2025-07-28,19:47:30:899,00388,----,
2025-07-28,19:47:31:008,00408,----,
2025-07-28,19:47:31:117,00423,----,
2025-07-28,19:47:31:225,00423,----,
2025-07-28,19:47:31:335,00437,----,
2025-07-28,19:47:31:452,00451,----,
2025-07-28,19:47:31:565,00451,----,
2025-07-28,19:47:31:667,00556,----,
2025-07-28,19:47:31:781,00624,----,
2025-07-28,19:47:31:884,00661,----,
2025-07-28,19:47:31:996,00720,----,
2025-07-28,19:47:32:102,00705,----,
2025-07-28,19:47:32:212,00638,----,
2025-07-28,19:47:32:320,00728,----,
2025-07-28,19:47:32:429,00959,----,
2025-07-28,19:47:32:537,01091,----,
2025-07-28,19:47:32:660,01237,----,
2025-07-28,19:47:32:759,01312,----,
2025-07-28,19:47:32:874,01379,----,
2025-07-28,19:47:32:975,01441,----,
2025-07-28,19:47:33:090,01470,----,
2025-07-28,19:47:33:193,01524,----,
2025-07-28,19:47:33:310,01556,----,
2025-07-28,19:47:33:416,01600,----,
2025-07-28,19:47:33:523,01623,----,
2025-07-28,19:47:33:633,01667,----,
2025-07-28,19:47:33:741,01690,----,
2025-07-28,19:47:33:849,01713,----,
2025-07-28,19:47:33:959,01732,----,
2025-07-28,19:47:34:075,01750,----,
2025-07-28,19:47:34:177,01793,----,
2025-07-28,19:47:34:291,01793,----,
2025-07-28,19:47:34:406,01824,----,
2025-07-28,19:47:34:506,01844,----,
2025-07-28,19:47:34:623,01862,----,
2025-07-28,19:47:34:736,01880,----,
2025-07-28,19:47:34:837,01900,----,
2025-07-28,19:47:34:953,01900,----,
2025-07-28,19:47:35:054,01918,----,
2025-07-28,19:47:35:162,01919,----,
2025-07-28,19:47:35:271,01937,----,
2025-07-28,19:47:35:383,01955,----,
2025-07-28,19:47:35:490,01967,----,
2025-07-28,19:47:35:600,01979,----,
2025-07-28,19:47:35:723,01979,----,
2025-07-28,19:47:35:822,01992,----,
2025-07-28,19:47:35:937,01992,----,
2025-07-28,19:47:36:039,01993,----,
2025-07-28,19:47:36:156,01994,----,
2025-07-28,19:47:36:255,01410,----,
2025-07-28,19:47:36:371,01073,----,
2025-07-28,19:47:36:482,01072,----,
2025-07-28,19:47:36:588,00906,----,
2025-07-28,19:47:36:700,00786,----,
2025-07-28,19:47:36:804,00667,----,
2025-07-28,19:47:36:916,00521,----,
2025-07-28,19:47:37:021,00543,----,
2025-07-28,19:47:37:135,00790,----,
2025-07-28,19:47:37:239,01079,----,
2025-07-28,19:47:37:351,00435,----,
2025-07-28,19:47:37:460,00391,----,
2025-07-28,19:47:37:567,00408,----,
2025-07-28,19:47:37:686,00424,----,
2025-07-28,19:47:37:789,00425,----,
2025-07-28,19:47:37:904,00439,----,
2025-07-28,19:47:38:004,00453,----,
2025-07-28,19:47:38:121,00453,----,
2025-07-28,19:47:38:233,00454,----,
2025-07-28,19:47:38:336,00547,----,
2025-07-28,19:47:38:448,00588,----,
2025-07-28,19:47:38:552,00643,----,
2025-07-28,19:47:38:667,00673,----,
2025-07-28,19:47:38:771,00702,----,
2025-07-28,19:47:38:884,00737,----,
2025-07-28,19:47:38:989,00787,----,
2025-07-28,19:47:39:101,00691,----,
2025-07-28,19:47:39:212,00810,----,
2025-07-28,19:47:39:322,01016,----,
2025-07-28,19:47:39:428,01135,----,
2025-07-28,19:47:39:536,01226,----,
2025-07-28,19:47:39:651,01309,----,
2025-07-28,19:47:39:767,01368,----,
2025-07-28,19:47:39:867,01407,----,
2025-07-28,19:47:39:982,01479,----,
2025-07-28,19:47:40:084,01528,----,
2025-07-28,19:47:40:197,01552,----,
2025-07-28,19:47:40:307,01602,----,
2025-07-28,19:47:40:415,01623,----,
2025-07-28,19:47:40:520,01647,----,
2025-07-28,19:47:40:630,01697,----,
2025-07-28,19:47:40:751,01724,----,
2025-07-28,19:47:40:850,01746,----,
2025-07-28,19:47:40:966,01765,----,
2025-07-28,19:47:41:081,01804,----,
2025-07-28,19:47:41:183,01820,----,
2025-07-28,19:47:41:298,01820,----,
2025-07-28,19:47:41:397,01855,----,
2025-07-28,19:47:41:512,01873,----,
2025-07-28,19:47:41:624,01889,----,
2025-07-28,19:47:41:729,01890,----,
2025-07-28,19:47:41:842,01908,----,
2025-07-28,19:47:41:947,01924,----,
2025-07-28,19:47:42:058,01938,----,
2025-07-28,19:47:42:166,01952,----,
2025-07-28,19:47:42:273,01967,----,
2025-07-28,19:47:42:381,01967,----,
2025-07-28,19:47:42:496,01968,----,
2025-07-28,19:47:42:602,01141,----,
2025-07-28,19:47:42:718,01142,----,
2025-07-28,19:47:42:818,01064,----,
2025-07-28,19:47:42:935,00986,----,
2025-07-28,19:47:43:045,00986,----,
2025-07-28,19:47:43:151,00862,----,
2025-07-28,19:47:43:261,00732,----,
2025-07-28,19:47:43:367,00533,----,
2025-07-28,19:47:43:478,00500,----,
2025-07-28,19:47:43:584,00525,----,
2025-07-28,19:47:43:695,00735,----,
2025-07-28,19:47:43:802,00996,----,
2025-07-28,19:47:43:918,00427,----,
2025-07-28,19:47:44:034,00395,----,
2025-07-28,19:47:44:133,00396,----,
2025-07-28,19:47:44:249,00411,----,
2025-07-28,19:47:44:351,00425,----,
2025-07-28,19:47:44:468,00426,----,
2025-07-28,19:47:44:569,00439,----,
2025-07-28,19:47:44:681,00439,----,
2025-07-28,19:47:44:792,00440,----,
2025-07-28,19:47:44:901,00521,----,
2025-07-28,19:47:45:010,00616,----,
2025-07-28,19:47:45:120,00684,----,
2025-07-28,19:47:45:227,00708,----,
2025-07-28,19:47:45:336,00770,----,
2025-07-28,19:47:45:444,00791,----,
2025-07-28,19:47:45:553,00792,----,
2025-07-28,19:47:45:662,00776,----,
2025-07-28,19:47:45:770,00694,----,
2025-07-28,19:47:45:887,00835,----,
2025-07-28,19:47:46:002,01032,----,
2025-07-28,19:47:46:105,01140,----,
2025-07-28,19:47:46:219,01233,----,
2025-07-28,19:47:46:325,01307,----,
2025-07-28,19:47:46:438,01381,----,
2025-07-28,19:47:46:543,01418,----,
2025-07-28,19:47:46:655,01492,----,
2025-07-28,19:47:46:760,01543,----,
2025-07-28,19:47:46:870,01571,----,
2025-07-28,19:47:46:978,01594,----,
2025-07-28,19:47:47:089,01624,----,
2025-07-28,19:47:47:195,01645,----,
2025-07-28,19:47:47:305,01691,----,
2025-07-28,19:47:47:413,01716,----,
2025-07-28,19:47:47:521,01758,----,
2025-07-28,19:47:47:630,01778,----,
2025-07-28,19:47:47:742,01801,----,
2025-07-28,19:47:47:851,01820,----,
2025-07-28,19:47:47:958,01838,----,
2025-07-28,19:47:48:079,01856,----,
2025-07-28,19:47:48:177,01871,----,
2025-07-28,19:47:48:295,01882,----,
2025-07-28,19:47:48:395,01897,----,
2025-07-28,19:47:48:512,01914,----,
2025-07-28,19:47:48:624,01933,----,
2025-07-28,19:47:48:728,01952,----,
2025-07-28,19:47:48:840,01953,----,
2025-07-28,19:47:48:947,01985,----,
2025-07-28,19:47:49:056,01985,----,
2025-07-28,19:47:49:165,02001,----,
2025-07-28,19:47:49:272,02016,----,
2025-07-28,19:47:49:380,02016,----,
2025-07-28,19:47:49:498,02033,----,
2025-07-28,19:47:49:613,02050,----,
2025-07-28,19:47:49:710,02051,----,
2025-07-28,19:47:49:831,02065,----,
2025-07-28,19:47:49:932,01354,----,
2025-07-28,19:47:50:047,00917,----,
2025-07-28,19:47:50:151,00952,----,
2025-07-28,19:47:50:262,00952,----,
2025-07-28,19:47:50:370,00937,----,
2025-07-28,19:47:50:482,00797,----,
2025-07-28,19:47:50:586,00636,----,
2025-07-28,19:47:50:701,00558,----,
2025-07-28,19:47:50:806,00535,----,
2025-07-28,19:47:50:915,00509,----,
2025-07-28,19:47:51:022,00618,----,
2025-07-28,19:47:51:132,00885,----,
2025-07-28,19:47:51:255,00826,----,
2025-07-28,19:47:51:374,00392,----,
2025-07-28,19:47:51:473,00392,----,
2025-07-28,19:47:51:591,00410,----,
2025-07-28,19:47:51:707,00424,----,
2025-07-28,19:47:51:808,00438,----,
2025-07-28,19:47:51:925,00439,----,
2025-07-28,19:47:52:026,00451,----,
2025-07-28,19:47:52:140,00507,----,
2025-07-28,19:47:52:246,00635,----,
2025-07-28,19:47:52:355,00683,----,
2025-07-28,19:47:52:463,00763,----,
2025-07-28,19:47:52:571,00808,----,
2025-07-28,19:47:52:678,00761,----,
2025-07-28,19:47:52:787,00700,----,
2025-07-28,19:47:52:896,00648,----,
2025-07-28,19:47:53:011,00946,----,
2025-07-28,19:47:53:126,01092,----,
2025-07-28,19:47:53:228,01195,----,
2025-07-28,19:47:53:343,01284,----,
2025-07-28,19:47:53:445,01356,----,
2025-07-28,19:47:53:558,01428,----,
2025-07-28,19:47:53:670,01485,----,
2025-07-28,19:47:53:774,01512,----,
2025-07-28,19:47:53:888,01538,----,
2025-07-28,19:47:53:991,01587,----,
2025-07-28,19:47:54:106,01587,----,
2025-07-28,19:47:54:208,01625,----,
2025-07-28,19:47:54:324,01650,----,
2025-07-28,19:47:54:433,01675,----,
2025-07-28,19:47:54:541,01695,----,
2025-07-28,19:47:54:645,01713,----,
2025-07-28,19:47:54:755,01731,----,
2025-07-28,19:47:54:877,01750,----,
2025-07-28,19:47:54:976,01787,----,
2025-07-28,19:47:55:093,01788,----,
2025-07-28,19:47:55:194,01804,----,
2025-07-28,19:47:55:310,01823,----,
2025-07-28,19:47:55:415,01842,----,
2025-07-28,19:47:55:526,01860,----,
2025-07-28,19:47:55:636,01874,----,
2025-07-28,19:47:55:742,01893,----,
2025-07-28,19:47:55:850,01906,----,
2025-07-28,19:47:55:959,01906,----,
2025-07-28,19:47:56:067,01921,----,
2025-07-28,19:47:56:179,01937,----,
2025-07-28,19:47:56:298,01938,----,
2025-07-28,19:47:56:399,01956,----,
2025-07-28,19:47:56:512,01956,----,
2025-07-28,19:47:56:617,01969,----,
2025-07-28,19:47:56:725,00915,----,
2025-07-28,19:47:56:833,00866,----,
2025-07-28,19:47:56:945,00865,----,
2025-07-28,19:47:57:052,00783,----,
2025-07-28,19:47:57:163,00758,----,
2025-07-28,19:47:57:273,00709,----,
2025-07-28,19:47:57:381,00709,----,
2025-07-28,19:47:57:502,00708,----,
2025-07-28,19:47:57:603,00708,----,
2025-07-28,19:47:57:709,00681,----,
2025-07-28,19:47:57:820,00583,----,
2025-07-28,19:47:57:936,00532,----,
2025-07-28,19:47:58:036,00650,----,
2025-07-28,19:47:58:152,00920,----,
2025-07-28,19:47:58:262,01055,----,
2025-07-28,19:47:58:371,00417,----,
2025-07-28,19:47:58:478,00385,----,
2025-07-28,19:47:58:588,00402,----,
2025-07-28,19:47:58:693,00419,----,
2025-07-28,19:47:58:803,00419,----,
2025-07-28,19:47:58:926,00432,----,
2025-07-28,19:47:59:020,00433,----,
2025-07-28,19:47:59:141,00576,----,
2025-07-28,19:47:59:242,00603,----,
2025-07-28,19:47:59:359,00620,----,
2025-07-28,19:47:59:460,00660,----,
2025-07-28,19:47:59:575,00677,----,
2025-07-28,19:47:59:683,00732,----,
2025-07-28,19:47:59:793,00932,----,
2025-07-28,19:47:59:902,01123,----,
2025-07-28,19:48:00:008,01213,----,
2025-07-28,19:48:00:120,01286,----,
2025-07-28,19:48:00:227,01355,----,
2025-07-28,19:48:00:345,01420,----,
2025-07-28,19:48:00:444,01452,----,
2025-07-28,19:48:00:561,01505,----,
2025-07-28,19:48:00:662,01534,----,
2025-07-28,19:48:00:780,01577,----,
2025-07-28,19:48:00:881,01603,----,
2025-07-28,19:48:00:997,01622,----,
2025-07-28,19:48:01:108,01644,----,
2025-07-28,19:48:01:214,01666,----,
2025-07-28,19:48:01:323,01687,----,
2025-07-28,19:48:01:431,01708,----,
2025-07-28,19:48:01:541,01726,----,
2025-07-28,19:48:01:649,01748,----,
2025-07-28,19:48:01:755,01764,----,
2025-07-28,19:48:01:865,01779,----,
2025-07-28,19:48:01:975,01796,----,
2025-07-28,19:48:02:085,01812,----,
2025-07-28,19:48:02:195,01813,----,
2025-07-28,19:48:02:307,01827,----,
2025-07-28,19:48:02:413,01845,----,
2025-07-28,19:48:02:520,01863,----,
2025-07-28,19:48:02:633,01863,----,
2025-07-28,19:48:02:748,01878,----,
2025-07-28,19:48:02:852,01894,----,
2025-07-28,19:48:02:971,01894,----,
2025-07-28,19:48:03:069,01911,----,
2025-07-28,19:48:03:187,01929,----,
2025-07-28,19:48:03:288,01946,----,
2025-07-28,19:48:03:403,01946,----,
2025-07-28,19:48:03:514,01960,----,
2025-07-28,19:48:03:620,01960,----,
2025-07-28,19:48:03:730,01974,----,
2025-07-28,19:48:03:836,01974,----,
2025-07-28,19:48:03:948,01975,----,
2025-07-28,19:48:04:054,01989,----,
2025-07-28,19:48:04:164,01963,----,
2025-07-28,19:48:04:271,00956,----,
2025-07-28,19:48:04:381,00901,----,
2025-07-28,19:48:04:503,00827,----,
2025-07-28,19:48:04:605,00877,----,
2025-07-28,19:48:04:722,00855,----,
2025-07-28,19:48:04:822,00854,----,
2025-07-28,19:48:04:938,00854,----,
2025-07-28,19:48:05:049,00836,----,
2025-07-28,19:48:05:153,00729,----,
2025-07-28,19:48:05:265,00533,----,
2025-07-28,19:48:05:371,00506,----,
2025-07-28,19:48:05:481,00534,----,
2025-07-28,19:48:05:588,00780,----,
2025-07-28,19:48:05:699,01060,----,
2025-07-28,19:48:05:807,00637,----,
2025-07-28,19:48:05:918,00418,----,
2025-07-28,19:48:06:023,00388,----,
2025-07-28,19:48:06:134,00388,----,
2025-07-28,19:48:06:241,00406,----,
2025-07-28,19:48:06:350,00422,----,
2025-07-28,19:48:06:458,00437,----,
2025-07-28,19:48:06:570,00437,----,
2025-07-28,19:48:06:691,00448,----,
2025-07-28,19:48:06:793,00482,----,
2025-07-28,19:48:06:908,00565,----,
2025-07-28,19:48:07:011,00619,----,
2025-07-28,19:48:07:120,00641,----,
2025-07-28,19:48:07:229,00658,----,
2025-07-28,19:48:07:342,00658,----,
2025-07-28,19:48:07:443,00675,----,
2025-07-28,19:48:07:557,00651,----,
2025-07-28,19:48:07:665,00861,----,
2025-07-28,19:48:07:775,01018,----,
2025-07-28,19:48:07:883,01129,----,
2025-07-28,19:48:07:993,01213,----,
2025-07-28,19:48:08:099,01300,----,
2025-07-28,19:48:08:210,01374,----,
2025-07-28,19:48:08:326,01445,----,
2025-07-28,19:48:08:427,01477,----,
2025-07-28,19:48:08:545,01532,----,
2025-07-28,19:48:08:645,01557,----,
2025-07-28,19:48:08:761,01607,----,
2025-07-28,19:48:08:870,01628,----,
2025-07-28,19:48:08:976,01673,----,
2025-07-28,19:48:09:089,01696,----,
2025-07-28,19:48:09:193,01718,----,
2025-07-28,19:48:09:305,01739,----,
2025-07-28,19:48:09:412,01760,----,
2025-07-28,19:48:09:524,01780,----,
2025-07-28,19:48:09:632,01797,----,
2025-07-28,19:48:09:742,01811,----,
2025-07-28,19:48:09:859,01829,----,
2025-07-28,19:48:09:959,01848,----,
2025-07-28,19:48:10:076,01848,----,
2025-07-28,19:48:10:177,01863,----,
2025-07-28,19:48:10:294,01880,----,
2025-07-28,19:48:10:396,01896,----,
2025-07-28,19:48:10:512,01914,----,
2025-07-28,19:48:10:623,01931,----,
2025-07-28,19:48:10:728,01949,----,
2025-07-28,19:48:10:838,01949,----,
2025-07-28,19:48:10:943,01963,----,
2025-07-28,19:48:11:054,01978,----,
2025-07-28,19:48:11:161,01979,----,
2025-07-28,19:48:11:271,01994,----,
2025-07-28,19:48:11:382,01995,----,
2025-07-28,19:48:11:491,02011,----,
2025-07-28,19:48:11:598,02021,----,
2025-07-28,19:48:11:714,02021,----,
2025-07-28,19:48:11:818,02022,----,
2025-07-28,19:48:11:931,02031,----,
2025-07-28,19:48:12:047,00839,----,
2025-07-28,19:48:12:147,00816,----,
2025-07-28,19:48:12:264,00817,----,
2025-07-28,19:48:12:365,00838,----,
2025-07-28,19:48:12:481,00816,----,
2025-07-28,19:48:12:585,00816,----,
2025-07-28,19:48:12:696,00816,----,
2025-07-28,19:48:12:804,00787,----,
2025-07-28,19:48:12:914,00777,----,
2025-07-28,19:48:13:022,00680,----,
2025-07-28,19:48:13:130,00545,----,
2025-07-28,19:48:13:240,00491,----,
2025-07-28,19:48:13:350,00518,----,
2025-07-28,19:48:13:458,00728,----,
2025-07-28,19:48:13:572,00991,----,
2025-07-28,19:48:13:687,00624,----,
2025-07-28,19:48:13:787,00396,----,
2025-07-28,19:48:13:904,00378,----,
2025-07-28,19:48:14:005,00395,----,
2025-07-28,19:48:14:121,00411,----,
2025-07-28,19:48:14:235,00426,----,
2025-07-28,19:48:14:340,00426,----,
2025-07-28,19:48:14:453,00440,----,
2025-07-28,19:48:14:555,00441,----,
2025-07-28,19:48:14:671,00452,----,
2025-07-28,19:48:14:774,00470,----,
2025-07-28,19:48:14:887,00498,----,
2025-07-28,19:48:14:993,00570,----,
2025-07-28,19:48:15:104,00632,----,
2025-07-28,19:48:15:212,00656,----,
2025-07-28,19:48:15:319,00687,----,
2025-07-28,19:48:15:429,00645,----,
2025-07-28,19:48:15:537,00586,----,
2025-07-28,19:48:15:647,00804,----,
2025-07-28,19:48:15:756,01011,----,
2025-07-28,19:48:15:875,01205,----,
2025-07-28,19:48:15:976,01299,----,
2025-07-28,19:48:16:096,01375,----,
2025-07-28,19:48:16:195,01454,----,
2025-07-28,19:48:16:311,01487,----,
2025-07-28,19:48:16:413,01546,----,
2025-07-28,19:48:16:530,01571,----,
2025-07-28,19:48:16:630,01620,----,
2025-07-28,19:48:16:745,01646,----,
2025-07-28,19:48:16:853,01688,----,
2025-07-28,19:48:16:961,01711,----,
2025-07-28,19:48:17:080,01753,----,
2025-07-28,19:48:17:181,01772,----,
2025-07-28,19:48:17:289,01793,----,
2025-07-28,19:48:17:397,01808,----,
2025-07-28,19:48:17:505,01828,----,
2025-07-28,19:48:17:627,01849,----,
2025-07-28,19:48:17:728,01868,----,
2025-07-28,19:48:17:844,01886,----,
2025-07-28,19:48:17:946,01899,----,
2025-07-28,19:48:18:063,01912,----,
2025-07-28,19:48:18:165,01930,----,
2025-07-28,19:48:18:277,01946,----,
2025-07-28,19:48:18:381,01964,----,
2025-07-28,19:48:18:493,01965,----,
2025-07-28,19:48:18:602,01980,----,
2025-07-28,19:48:18:711,02011,----,
2025-07-28,19:48:18:832,02025,----,
2025-07-28,19:48:18:927,02040,----,
2025-07-28,19:48:19:048,02041,----,
